Redis Ingestion,ChromaDB Ingestion,MongoDB Ingestion,Redis Query,ChromaDB Query,MongoDB Query,Redis Storage (MB),ChromaDB Storage (MB),MongoDB Storage (MB),Number of embeddings in Redis,Number of embeddings in Chroma,Number of embeddings in MongoDB,Chunk Size,Overlap,White space and Punctuation removal,Embedding Model
0.5736794471740723,4.303242444992065,0.47656679153442383,0.0015947818756103516,0.007300138473510742,0.008047819137573242,7.938652038574219,8.05364990234375,7.11138916015625,326,326,326,200,50,False,nomic-embed-text
0.5679373741149902,4.243616342544556,0.457202672958374,0.0016019344329833984,0.010438919067382812,0.008250951766967773,8.0521240234375,8.01706314086914,7.091588973999023,325,325,325,200,50,True,nomic-embed-text
0.6348388195037842,4.227922201156616,0.3028240203857422,0.0012478828430175781,0.005716085433959961,0.005484104156494141,7.921539306640625,8.05364990234375,7.1133880615234375,326,326,326,200,50,False,sentence-transformers/all-mpnet-base-v2
0.6388347148895264,4.237904071807861,0.3229796886444092,0.0016241073608398438,0.006334066390991211,0.006043910980224609,8.034881591796875,8.01706314086914,7.09208869934082,325,325,325,200,50,True,sentence-transformers/all-mpnet-base-v2
0.42913341522216797,4.087534427642822,0.2506721019744873,0.0014908313751220703,0.005475282669067383,0.0033311843872070312,2.5159835815429688,4.23333740234375,5.970283508300781,326,326,326,200,50,False,sentence-transformers/all-MiniLM-L6-v2
0.4190988540649414,3.997718095779419,0.25563859939575195,0.0016109943389892578,0.005419015884399414,0.00345611572265625,2.499114990234375,4.208469390869141,5.953493118286133,325,325,325,200,50,True,sentence-transformers/all-MiniLM-L6-v2
