Redis Ingestion,ChromaDB Ingestion,MongoDB Ingestion,Redis Query,ChromaDB Query,MongoDB Query,Redis Storage (MB),ChromaDB Storage (MB),MongoDB Storage (MB),Number of embeddings in Redis,Number of embeddings in Chroma,Number of embeddings in MongoDB
0.5486190319061279,3.976475238800049,0.49379467964172363,0.0013790130615234375,0.006748199462890625,0.006539106369018555,7.719963073730469,7.341879844665527,6.887887001037598,297,297,297
